address,name
0x28c6c06298d514db089934071355e5743bf21d60,Binance Hot Wallet
0x503828976d22510aad0201ac7ec88293211d23da,Coinbase
0x2910543af39aba0cd09dbb2d50200b3e800a63d2,Kraken Exchange
0x7a250d5630b4cf539739df2c5dacb4c659f2488d,Uniswap V2 Router
0x7d2768de32b0b80b7a3454c06bdac94a69ddc7a9,Aave V3 Pool
0xc02aaa39b223fe8d0a0e5c4f27ead9083c756cc2,WETH
0xdac17f958d2ee523a2206206994597c13d831ec7,USDT
0xa0b86991c6218b36c1d19d4a2e9eb0ce3606eb48,USDC
0x6b175474e89094c44da98b954eedeac495271d0f,DAI
0x514910771af9ca656af840dff83e8264ecf986ca,ChainLink
